trackId,label,state,current,denominator,executed,completionPercent,canAiSimulationSatisfy,externalCredit,requiredFor,requiredEvidence
real-customers,Real customer comprehension / decision utility,NOT_RUN,0,FROZEN_BEFORE_RECRUITMENT,0,0,False,0,"['GO_CONTROLLED_PILOT', 'GO_PAID']",Frozen real-user protocol and physically observed participants
real-wtp-refund-retention,Real willingness-to-pay / refund / retention,NOT_RUN,0,FROZEN_BEFORE_PILOT,0,0,False,0,['GO_PAID'],Observed price-blind and disclosed-price behavior from real users
independent-human-reviewers,Independent qualified human/org review,NOT_RUN,0,ER_LEVEL_DEPENDENT,0,0,False,0,"['GO_EXTERNAL_PROOF', 'GO_WORLD_CLASS']",ER1/ER2 frozen falsification packet and raw independent findings
professional-legal-decisions,Professional legal/product-role decisions,EXTERNAL_OPEN,0,SCOPE_AND_JURISDICTION_DEPENDENT,0,0,False,0,['GO_PAID'],Professional decision where the paid scope requires it
provider-commercial-rights,Provider commercial display/retention/redistribution rights,EXTERNAL_OPEN,0,ALL_PRODUCTION_PROVIDER_USE_CASE_CELLS,0,0,False,0,['GO_PAID'],Provider/use-case/field-level rights decisions for all production inputs
staging-production-runtime,Disposable staging and production-like runtime proof,NOT_RUN,0,FROZEN_STAGING_PROGRAM,0,0,False,0,"['GO_CONTROLLED_PILOT', 'GO_PAID']","Deployment identity, auth/tenant/privacy, delivery and operational receipts"
real-accessibility-participants,Real assistive-technology / disabled-user evidence,NOT_RUN,0,FROZEN_ACCESSIBILITY_PROTOCOL,0,0,False,0,['GO_EXTERNAL_PROOF'],Observed task completion from declared accessibility participant protocol
independent-security-test,Independent deployed security/pentest falsification,NOT_RUN,0,FROZEN_EXTERNAL_SECURITY_SCOPE,0,0,False,0,"['GO_EXTERNAL_PROOF', 'GO_WORLD_CLASS']",Independent current-release security findings and remediation retest
production-outcomes,Sustained production outcomes / drift / correction evidence,NOT_RUN,0,TIME_AND_VOLUME_FROZEN,0,0,False,0,['GO_WORLD_CLASS'],"Real production observations, customer corrections, incidents and revalidation"
